﻿<?xml version="1.0" encoding="utf-8"?>
<FxCopReport Version="1.36">
 <Targets>
  <Target Name="C:\Users\marioszp\AppData\Local\Temp\tmp6066.tmp.cadir\bin\App_Code.dll">
   <Modules>
    <Module Name="app_code.dll">
     <Namespaces>
      <Namespace Name="">
       <Types>
        <Type Name="ProfileCommon" Kind="Class" Accessibility="Public" ExternallyVisible="True">
         <Messages>
          <Message TypeName="DeclareTypesInNamespaces" Category="Microsoft.Design" CheckId="CA1050" Status="Active" Created="2007-06-08 10:16:46Z" FixCategory="Breaking">
           <Issue Certainty="95" Level="Error">'ProfileCommon' should be declared inside a namespace.</Issue>
          </Message>
         </Messages>
         <Members>
          <Member Name="Firstname" Kind="Property" Static="False" Accessibility="Public" ExternallyVisible="True">
           <Messages>
            <Message Id="Firstname" TypeName="IdentifiersShouldBeSpelledCorrectly" Category="Microsoft.Naming" CheckId="CA1704" Status="Active" Created="2007-06-08 10:16:46Z" FixCategory="Breaking">
             <Issue Name="Member" Certainty="75" Level="CriticalWarning" Path="c:\Users\marioszp\AppData\Local\Temp\Temporary ASP.NET Files\membership\78b4fb3b\d7e2bb8e" File="App_Code.0.cs" Line="38">Correct the spelling of 'Firstname' in member name 'ProfileCommon.Firstname:String' or strip it entirely if it represents any sort of Hungarian notation.</Issue>
            </Message>
           </Messages>
          </Member>
          <Member Name="GetProfile(System.String):ProfileCommon" Kind="Method" Static="False" Accessibility="Public" ExternallyVisible="True">
           <Messages>
            <Message Id="username" TypeName="CompoundWordsShouldBeCasedCorrectly" Category="Microsoft.Naming" CheckId="CA1702" Status="Active" Created="2007-06-08 10:16:46Z" FixCategory="Breaking">
             <Issue Name="MemberParameterShouldBeCompoundWord" Certainty="80" Level="Error" Path="c:\Users\marioszp\AppData\Local\Temp\Temporary ASP.NET Files\membership\78b4fb3b\d7e2bb8e" File="App_Code.0.cs" Line="46">In member 'ProfileCommon.GetProfile(String):ProfileCommon', the discrete term 'username' in parameter name 'username' should be expressed as a compound word, 'userName'.</Issue>
            </Message>
           </Messages>
          </Member>
          <Member Name="Lastname" Kind="Property" Static="False" Accessibility="Public" ExternallyVisible="True">
           <Messages>
            <Message Id="Lastname" TypeName="IdentifiersShouldBeSpelledCorrectly" Category="Microsoft.Naming" CheckId="CA1704" Status="Active" Created="2007-06-08 10:16:46Z" FixCategory="Breaking">
             <Issue Name="Member" Certainty="75" Level="CriticalWarning" Path="c:\Users\marioszp\AppData\Local\Temp\Temporary ASP.NET Files\membership\78b4fb3b\d7e2bb8e" File="App_Code.0.cs" Line="29">Correct the spelling of 'Lastname' in member name 'ProfileCommon.Lastname:String' or strip it entirely if it represents any sort of Hungarian notation.</Issue>
            </Message>
           </Messages>
          </Member>
         </Members>
        </Type>
       </Types>
      </Namespace>
     </Namespaces>
    </Module>
   </Modules>
  </Target>
  <Target Name="C:\Users\marioszp\AppData\Local\Temp\tmp6066.tmp.cadir\bin\App_Theme_Theme1.dll">
   <Modules>
    <Module Name="app_theme_theme1.dll">
     <Namespaces>
      <Namespace Name="ASP">
       <Types>
        <Type Name="Theme1" Kind="Class" Accessibility="Public" ExternallyVisible="True">
         <Members>
          <Member Name=".ctor()" Kind="Method" Static="False" Accessibility="Public" ExternallyVisible="True">
           <Messages>
            <Message TypeName="DoNotInitializeUnnecessarily" Category="Microsoft.Performance" CheckId="CA1805" Status="Active" Created="2007-06-08 10:16:46Z" FixCategory="NonBreaking">
             <Issue Certainty="90" Level="Warning" Path="C:\Users\marioszp\AppData\Local\Temp\Temporary ASP.NET Files\membership\78b4fb3b\d7e2bb8e" File="App_Theme_Theme1.0.vb" Line="39">'Theme1..ctor()' initializes field 'Theme1.__linkedStyleSheets:String[]' of type 'System.String[]' to null. Remove this initialization as it will be done automatically by the runtime.</Issue>
            </Message>
           </Messages>
          </Member>
         </Members>
        </Type>
       </Types>
      </Namespace>
     </Namespaces>
    </Module>
   </Modules>
  </Target>
  <Target Name="C:\Users\marioszp\AppData\Local\Temp\tmp6066.tmp.cadir\bin\App_Web_enmgwy4t.dll">
   <Modules>
    <Module Name="app_web_enmgwy4t.dll">
     <Namespaces>
      <Namespace Name="">
       <Types>
        <Type Name="_Default" Kind="Class" Accessibility="Public" ExternallyVisible="True">
         <Members>
          <Member Name="LoginStatus1" Kind="Field" Static="False" Accessibility="Family" ExternallyVisible="True">
           <Messages>
            <Message Id="Login" TypeName="UsePreferredTerms" Category="Microsoft.Naming" CheckId="CA1726" Status="Active" Created="2007-06-08 10:16:46Z" FixCategory="Breaking">
             <Issue Name="Member" Certainty="95" Level="Error">Replace the term 'Login' in member name '_Default.LoginStatus1:LoginStatus' with the preferred alternate 'LogOn'.</Issue>
            </Message>
           </Messages>
          </Member>
          <Member Name="LoginViewCtrl" Kind="Field" Static="False" Accessibility="Family" ExternallyVisible="True">
           <Messages>
            <Message Id="Login" TypeName="UsePreferredTerms" Category="Microsoft.Naming" CheckId="CA1726" Status="Active" Created="2007-06-08 10:16:46Z" FixCategory="Breaking">
             <Issue Name="Member" Certainty="95" Level="Error">Replace the term 'Login' in member name '_Default.LoginViewCtrl:LoginView' with the preferred alternate 'LogOn'.</Issue>
            </Message>
           </Messages>
          </Member>
          <Member Name="LoginViewCtrl_ViewChanged(System.Object,System.EventArgs):System.Void" Kind="Method" Static="False" Accessibility="Family" ExternallyVisible="True">
           <Messages>
            <Message Id="Login" TypeName="UsePreferredTerms" Category="Microsoft.Naming" CheckId="CA1726" Status="Active" Created="2007-06-08 10:16:46Z" FixCategory="Breaking">
             <Issue Name="Member" Certainty="95" Level="Error" Path="d:\Data\Microsoft\Internal\Books\ProAspNet20\3rd\FirstDraft\Chapter22\Ch22\Demo1\Membership" File="Default.aspx.cs" Line="20">Replace the term 'Login' in member name '_Default.LoginViewCtrl_ViewChanged(Object, EventArgs):Void' with the preferred alternate 'LogOn'.</Issue>
            </Message>
           </Messages>
          </Member>
         </Members>
        </Type>
        <Type Name="login" Kind="Class" Accessibility="Public" ExternallyVisible="True">
         <Messages>
          <Message Id="login" TypeName="IdentifiersShouldBeCasedCorrectly" Category="Microsoft.Naming" CheckId="CA1709" Status="Active" Created="2007-06-08 10:16:46Z" FixCategory="Breaking">
           <Issue Name="Type" Certainty="85" Level="Error">Correct the casing of 'login' in type name 'login' by changing it to 'Login'.</Issue>
          </Message>
          <Message Id="login" TypeName="UsePreferredTerms" Category="Microsoft.Naming" CheckId="CA1726" Status="Active" Created="2007-06-08 10:16:46Z" FixCategory="Breaking">
           <Issue Name="Type" Certainty="95" Level="Error">Replace the term 'login' in type name 'login' with the preferred alternate 'LogOn'.</Issue>
          </Message>
         </Messages>
         <Members>
          <Member Name="Login1" Kind="Field" Static="False" Accessibility="Family" ExternallyVisible="True">
           <Messages>
            <Message Id="Login" TypeName="UsePreferredTerms" Category="Microsoft.Naming" CheckId="CA1726" Status="Active" Created="2007-06-08 10:16:46Z" FixCategory="Breaking">
             <Issue Name="Member" Certainty="95" Level="Error">Replace the term 'Login' in member name 'login.Login1:Login' with the preferred alternate 'LogOn'.</Issue>
            </Message>
           </Messages>
          </Member>
         </Members>
        </Type>
        <Type Name="login2" Kind="Class" Accessibility="Public" ExternallyVisible="True">
         <Messages>
          <Message Id="login" TypeName="IdentifiersShouldBeCasedCorrectly" Category="Microsoft.Naming" CheckId="CA1709" Status="Active" Created="2007-06-08 10:16:46Z" FixCategory="Breaking">
           <Issue Name="Type" Certainty="85" Level="Error">Correct the casing of 'login' in type name 'login2' by changing it to 'Login'.</Issue>
          </Message>
          <Message Id="login" TypeName="UsePreferredTerms" Category="Microsoft.Naming" CheckId="CA1726" Status="Active" Created="2007-06-08 10:16:46Z" FixCategory="Breaking">
           <Issue Name="Type" Certainty="95" Level="Error">Replace the term 'login' in type name 'login2' with the preferred alternate 'LogOn'.</Issue>
          </Message>
         </Messages>
         <Members>
          <Member Name="LoginCtrl" Kind="Field" Static="False" Accessibility="Family" ExternallyVisible="True">
           <Messages>
            <Message Id="Login" TypeName="UsePreferredTerms" Category="Microsoft.Naming" CheckId="CA1726" Status="Active" Created="2007-06-08 10:16:46Z" FixCategory="Breaking">
             <Issue Name="Member" Certainty="95" Level="Error">Replace the term 'Login' in member name 'login2.LoginCtrl:Login' with the preferred alternate 'LogOn'.</Issue>
            </Message>
           </Messages>
          </Member>
          <Member Name="LoginCtrl_Authenticate(System.Object,System.Web.UI.WebControls.AuthenticateEventArgs):System.Void" Kind="Method" Static="False" Accessibility="Family" ExternallyVisible="True">
           <Messages>
            <Message Id="Login" TypeName="UsePreferredTerms" Category="Microsoft.Naming" CheckId="CA1726" Status="Active" Created="2007-06-08 10:16:46Z" FixCategory="Breaking">
             <Issue Name="Member" Certainty="95" Level="Error" Path="d:\Data\Microsoft\Internal\Books\ProAspNet20\3rd\FirstDraft\Chapter22\Ch22\Demo1\Membership" File="login2.aspx.cs" Line="32">Replace the term 'Login' in member name 'login2.LoginCtrl_Authenticate(Object, AuthenticateEventArgs):Void' with the preferred alternate 'LogOn'.</Issue>
            </Message>
           </Messages>
          </Member>
          <Member Name="LoginCtrl_LoggingIn(System.Object,System.Web.UI.WebControls.LoginCancelEventArgs):System.Void" Kind="Method" Static="False" Accessibility="Family" ExternallyVisible="True">
           <Messages>
            <Message Id="Login" TypeName="UsePreferredTerms" Category="Microsoft.Naming" CheckId="CA1726" Status="Active" Created="2007-06-08 10:16:46Z" FixCategory="Breaking">
             <Issue Name="Member" Certainty="95" Level="Error" Path="d:\Data\Microsoft\Internal\Books\ProAspNet20\3rd\FirstDraft\Chapter22\Ch22\Demo1\Membership" File="login2.aspx.cs" Line="57">Replace the term 'Login' in member name 'login2.LoginCtrl_LoggingIn(Object, LoginCancelEventArgs):Void' with the preferred alternate 'LogOn'.</Issue>
            </Message>
           </Messages>
          </Member>
          <Member Name="LoginCtrl_LoginError(System.Object,System.EventArgs):System.Void" Kind="Method" Static="False" Accessibility="Family" ExternallyVisible="True">
           <Messages>
            <Message TypeName="TestForEmptyStringsUsingStringLength" Category="Microsoft.Performance" CheckId="CA1820" Status="Active" Created="2007-06-08 10:16:46Z" FixCategory="NonBreaking">
             <Issue Name="IsNullOrEmpty" Certainty="95" Level="Warning" Path="d:\Data\Microsoft\Internal\Books\ProAspNet20\3rd\FirstDraft\Chapter22\Ch22\Demo1\Membership" File="login2.aspx.cs" Line="27">Replace the call to String.op_Inequality in 'login2.LoginCtrl_LoginError(Object, EventArgs):Void' with a call to String.IsNullOrEmpty.</Issue>
            </Message>
            <Message Id="Login" TypeName="UsePreferredTerms" Category="Microsoft.Naming" CheckId="CA1726" Status="Active" Created="2007-06-08 10:16:46Z" FixCategory="Breaking">
             <Issue Name="Member" Certainty="95" Level="Error" Path="d:\Data\Microsoft\Internal\Books\ProAspNet20\3rd\FirstDraft\Chapter22\Ch22\Demo1\Membership" File="login2.aspx.cs" Line="21">Replace the term 'Login' in member name 'login2.LoginCtrl_LoginError(Object, EventArgs):Void' with the preferred alternate 'LogOn'.</Issue>
             <Issue Name="Member" Certainty="95" Level="Error" Path="d:\Data\Microsoft\Internal\Books\ProAspNet20\3rd\FirstDraft\Chapter22\Ch22\Demo1\Membership" File="login2.aspx.cs" Line="21">Replace the term 'Login' in member name 'login2.LoginCtrl_LoginError(Object, EventArgs):Void' with the preferred alternate 'LogOn'.</Issue>
            </Message>
           </Messages>
          </Member>
          <Member Name="OtherLoginCtrl" Kind="Field" Static="False" Accessibility="Family" ExternallyVisible="True">
           <Messages>
            <Message Id="Login" TypeName="UsePreferredTerms" Category="Microsoft.Naming" CheckId="CA1726" Status="Active" Created="2007-06-08 10:16:46Z" FixCategory="Breaking">
             <Issue Name="Member" Certainty="95" Level="Error">Replace the term 'Login' in member name 'login2.OtherLoginCtrl:Login' with the preferred alternate 'LogOn'.</Issue>
            </Message>
           </Messages>
          </Member>
          <Member Name="OtherLoginCtrl_Authenticate(System.Object,System.Web.UI.WebControls.AuthenticateEventArgs):System.Void" Kind="Method" Static="False" Accessibility="Family" ExternallyVisible="True">
           <Messages>
            <Message Id="Login" TypeName="UsePreferredTerms" Category="Microsoft.Naming" CheckId="CA1726" Status="Active" Created="2007-06-08 10:16:46Z" FixCategory="Breaking">
             <Issue Name="Member" Certainty="95" Level="Error" Path="d:\Data\Microsoft\Internal\Books\ProAspNet20\3rd\FirstDraft\Chapter22\Ch22\Demo1\Membership" File="login2.aspx.cs" Line="44">Replace the term 'Login' in member name 'login2.OtherLoginCtrl_Authenticate(Object, AuthenticateEventArgs):Void' with the preferred alternate 'LogOn'.</Issue>
            </Message>
           </Messages>
          </Member>
         </Members>
        </Type>
        <Type Name="PwdRecover" Kind="Class" Accessibility="Public" ExternallyVisible="True">
         <Messages>
          <Message Id="Pwd" TypeName="IdentifiersShouldBeSpelledCorrectly" Category="Microsoft.Naming" CheckId="CA1704" Status="Active" Created="2007-06-08 10:16:46Z" FixCategory="Breaking">
           <Issue Name="Type" Certainty="75" Level="CriticalWarning">Correct the spelling of 'Pwd' in type name 'PwdRecover'.</Issue>
          </Message>
         </Messages>
        </Type>
        <Type Name="PwdRecoverDefault" Kind="Class" Accessibility="Public" ExternallyVisible="True">
         <Messages>
          <Message Id="Pwd" TypeName="IdentifiersShouldBeSpelledCorrectly" Category="Microsoft.Naming" CheckId="CA1704" Status="Active" Created="2007-06-08 10:16:46Z" FixCategory="Breaking">
           <Issue Name="Type" Certainty="75" Level="CriticalWarning">Correct the spelling of 'Pwd' in type name 'PwdRecoverDefault'.</Issue>
          </Message>
         </Messages>
        </Type>
        <Type Name="PwdRecoverTemplate" Kind="Class" Accessibility="Public" ExternallyVisible="True">
         <Messages>
          <Message Id="Pwd" TypeName="IdentifiersShouldBeSpelledCorrectly" Category="Microsoft.Naming" CheckId="CA1704" Status="Active" Created="2007-06-08 10:16:46Z" FixCategory="Breaking">
           <Issue Name="Type" Certainty="75" Level="CriticalWarning">Correct the spelling of 'Pwd' in type name 'PwdRecoverTemplate'.</Issue>
          </Message>
         </Messages>
        </Type>
        <Type Name="Register" Kind="Class" Accessibility="Public" ExternallyVisible="True">
         <Members>
          <Member Name="FirstnameText" Kind="Field" Static="False" Accessibility="Family" ExternallyVisible="True">
           <Messages>
            <Message Id="Firstname" TypeName="IdentifiersShouldBeSpelledCorrectly" Category="Microsoft.Naming" CheckId="CA1704" Status="Active" Created="2007-06-08 10:16:46Z" FixCategory="Breaking">
             <Issue Name="Member" Certainty="75" Level="CriticalWarning">Correct the spelling of 'Firstname' in member name 'Register.FirstnameText:TextBox' or strip it entirely if it represents any sort of Hungarian notation.</Issue>
            </Message>
           </Messages>
          </Member>
          <Member Name="LastnameText" Kind="Field" Static="False" Accessibility="Family" ExternallyVisible="True">
           <Messages>
            <Message Id="Lastname" TypeName="IdentifiersShouldBeSpelledCorrectly" Category="Microsoft.Naming" CheckId="CA1704" Status="Active" Created="2007-06-08 10:16:46Z" FixCategory="Breaking">
             <Issue Name="Member" Certainty="75" Level="CriticalWarning">Correct the spelling of 'Lastname' in member name 'Register.LastnameText:TextBox' or strip it entirely if it represents any sort of Hungarian notation.</Issue>
            </Message>
           </Messages>
          </Member>
          <Member Name="RegisterUser_CreatedUser(System.Object,System.EventArgs):System.Void" Kind="Method" Static="False" Accessibility="Family" ExternallyVisible="True">
           <Messages>
            <Message Id="System.Int16.Parse(System.String)" TypeName="SpecifyIFormatProvider" Category="Microsoft.Globalization" CheckId="CA1305" Status="Active" Created="2007-06-08 10:16:46Z" FixCategory="NonBreaking">
             <Issue Certainty="95" Level="Error" Path="d:\Data\Microsoft\Internal\Books\ProAspNet20\3rd\FirstDraft\Chapter22\Ch22\Demo1\Membership" File="Register.aspx.cs" Line="44">'Register.RegisterUser_CreatedUser(Object, EventArgs):Void' makes a call to 'Int16.Parse(String):Int16' that does not explicitly provide an IFormatProvider. This should be replaced with a call to 'Int16.Parse(String, IFormatProvider):Int16'.</Issue>
            </Message>
            <Message Id="System.String.Format(System.String,System.Object,System.Object,System.Object)" TypeName="SpecifyIFormatProvider" Category="Microsoft.Globalization" CheckId="CA1305" Status="Active" Created="2007-06-08 10:16:46Z" FixCategory="NonBreaking">
             <Issue Certainty="95" Level="Error" Path="d:\Data\Microsoft\Internal\Books\ProAspNet20\3rd\FirstDraft\Chapter22\Ch22\Demo1\Membership" File="Register.aspx.cs" Line="47">'Register.RegisterUser_CreatedUser(Object, EventArgs):Void' makes a call to 'String.Format(String, Object, Object, Object):String' that does not explicitly provide an IFormatProvider. This should be replaced with a call to 'String.Format(IFormatProvider, String, Object[]):String'.</Issue>
            </Message>
           </Messages>
          </Member>
         </Members>
        </Type>
       </Types>
      </Namespace>
      <Namespace Name="ASP">
       <Types>
        <Type Name="login_aspx" Kind="Class" Accessibility="Public" ExternallyVisible="True">
         <Messages>
          <Message Id="login" TypeName="UsePreferredTerms" Category="Microsoft.Naming" CheckId="CA1726" Status="Active" Created="2007-06-08 10:16:46Z" FixCategory="Breaking">
           <Issue Name="Type" Certainty="95" Level="Error">Replace the term 'login' in type name 'ASP.login_aspx' with the preferred alternate 'LogOn'.</Issue>
          </Message>
         </Messages>
        </Type>
        <Type Name="login2_aspx" Kind="Class" Accessibility="Public" ExternallyVisible="True">
         <Messages>
          <Message Id="login" TypeName="UsePreferredTerms" Category="Microsoft.Naming" CheckId="CA1726" Status="Active" Created="2007-06-08 10:16:46Z" FixCategory="Breaking">
           <Issue Name="Type" Certainty="95" Level="Error">Replace the term 'login' in type name 'ASP.login2_aspx' with the preferred alternate 'LogOn'.</Issue>
          </Message>
         </Messages>
        </Type>
        <Type Name="pwdrecover_aspx" Kind="Class" Accessibility="Public" ExternallyVisible="True">
         <Messages>
          <Message Id="pwdrecover" TypeName="IdentifiersShouldBeSpelledCorrectly" Category="Microsoft.Naming" CheckId="CA1704" Status="Active" Created="2007-06-08 10:16:46Z" FixCategory="Breaking">
           <Issue Name="Type" Certainty="75" Level="CriticalWarning">Correct the spelling of 'pwdrecover' in type name 'ASP.pwdrecover_aspx'.</Issue>
          </Message>
         </Messages>
        </Type>
        <Type Name="pwdrecoverdefault_aspx" Kind="Class" Accessibility="Public" ExternallyVisible="True">
         <Messages>
          <Message Id="pwdrecoverdefault" TypeName="IdentifiersShouldBeSpelledCorrectly" Category="Microsoft.Naming" CheckId="CA1704" Status="Active" Created="2007-06-08 10:16:46Z" FixCategory="Breaking">
           <Issue Name="Type" Certainty="75" Level="CriticalWarning">Correct the spelling of 'pwdrecoverdefault' in type name 'ASP.pwdrecoverdefault_aspx'.</Issue>
          </Message>
         </Messages>
        </Type>
        <Type Name="pwdrecovertemplate_aspx" Kind="Class" Accessibility="Public" ExternallyVisible="True">
         <Messages>
          <Message Id="pwdrecovertemplate" TypeName="IdentifiersShouldBeSpelledCorrectly" Category="Microsoft.Naming" CheckId="CA1704" Status="Active" Created="2007-06-08 10:16:46Z" FixCategory="Breaking">
           <Issue Name="Type" Certainty="75" Level="CriticalWarning">Correct the spelling of 'pwdrecovertemplate' in type name 'ASP.pwdrecovertemplate_aspx'.</Issue>
          </Message>
         </Messages>
        </Type>
        <Type Name="registereasy_aspx" Kind="Class" Accessibility="Public" ExternallyVisible="True">
         <Messages>
          <Message Id="registereasy" TypeName="IdentifiersShouldBeSpelledCorrectly" Category="Microsoft.Naming" CheckId="CA1704" Status="Active" Created="2007-06-08 10:16:46Z" FixCategory="Breaking">
           <Issue Name="Type" Certainty="75" Level="CriticalWarning">Correct the spelling of 'registereasy' in type name 'ASP.registereasy_aspx'.</Issue>
          </Message>
         </Messages>
        </Type>
       </Types>
      </Namespace>
     </Namespaces>
    </Module>
   </Modules>
  </Target>
  <Target Name="C:\Users\marioszp\AppData\Local\Temp\tmp6066.tmp.cadir\bin\App_Web_tuh5fwte.dll">
   <Modules>
    <Module Name="app_web_tuh5fwte.dll">
     <Namespaces>
      <Namespace Name="">
       <Types>
        <Type Name="ChangePassword" Kind="Class" Accessibility="Public" ExternallyVisible="True">
         <Members>
          <Member Name="ChangePwdCtrl" Kind="Field" Static="False" Accessibility="Family" ExternallyVisible="True">
           <Messages>
            <Message Id="Pwd" TypeName="IdentifiersShouldBeSpelledCorrectly" Category="Microsoft.Naming" CheckId="CA1704" Status="Active" Created="2007-06-08 10:16:46Z" FixCategory="Breaking">
             <Issue Name="Member" Certainty="75" Level="CriticalWarning">Correct the spelling of 'Pwd' in member name 'ChangePassword.ChangePwdCtrl:ChangePassword' or strip it entirely if it represents any sort of Hungarian notation.</Issue>
            </Message>
           </Messages>
          </Member>
         </Members>
        </Type>
        <Type Name="SecuredPage" Kind="Class" Accessibility="Public" ExternallyVisible="True">
         <Members>
          <Member Name="LoginStatus1" Kind="Field" Static="False" Accessibility="Family" ExternallyVisible="True">
           <Messages>
            <Message Id="Login" TypeName="UsePreferredTerms" Category="Microsoft.Naming" CheckId="CA1726" Status="Active" Created="2007-06-08 10:16:46Z" FixCategory="Breaking">
             <Issue Name="Member" Certainty="95" Level="Error">Replace the term 'Login' in member name 'SecuredPage.LoginStatus1:LoginStatus' with the preferred alternate 'LogOn'.</Issue>
            </Message>
           </Messages>
          </Member>
         </Members>
        </Type>
       </Types>
      </Namespace>
      <Namespace Name="ASP">
       <Types>
        <Type Name="restricted_changepassword_aspx" Kind="Class" Accessibility="Public" ExternallyVisible="True">
         <Messages>
          <Message Id="changepassword" TypeName="IdentifiersShouldBeSpelledCorrectly" Category="Microsoft.Naming" CheckId="CA1704" Status="Active" Created="2007-06-08 10:16:46Z" FixCategory="Breaking">
           <Issue Name="Type" Certainty="75" Level="CriticalWarning">Correct the spelling of 'changepassword' in type name 'ASP.restricted_changepassword_aspx'.</Issue>
          </Message>
         </Messages>
        </Type>
        <Type Name="restricted_changepasswordtemplate_aspx" Kind="Class" Accessibility="Public" ExternallyVisible="True">
         <Messages>
          <Message Id="changepasswordtemplate" TypeName="IdentifiersShouldBeSpelledCorrectly" Category="Microsoft.Naming" CheckId="CA1704" Status="Active" Created="2007-06-08 10:16:46Z" FixCategory="Breaking">
           <Issue Name="Type" Certainty="75" Level="CriticalWarning">Correct the spelling of 'changepasswordtemplate' in type name 'ASP.restricted_changepasswordtemplate_aspx'.</Issue>
          </Message>
         </Messages>
        </Type>
        <Type Name="restricted_securedpage_aspx" Kind="Class" Accessibility="Public" ExternallyVisible="True">
         <Messages>
          <Message Id="securedpage" TypeName="IdentifiersShouldBeSpelledCorrectly" Category="Microsoft.Naming" CheckId="CA1704" Status="Active" Created="2007-06-08 10:16:46Z" FixCategory="Breaking">
           <Issue Name="Type" Certainty="75" Level="CriticalWarning">Correct the spelling of 'securedpage' in type name 'ASP.restricted_securedpage_aspx'.</Issue>
          </Message>
         </Messages>
        </Type>
       </Types>
      </Namespace>
     </Namespaces>
    </Module>
   </Modules>
  </Target>
 </Targets>
 <Rules>
  <Rule TypeName="CompoundWordsShouldBeCasedCorrectly" Category="Microsoft.Naming" CheckId="CA1702">
   <Name>Compound words should be cased correctly</Name>
   <Description>Avoid creating compound words from terms which exist in the dictionary as discrete terms. Do not create a compound word such as 'StopWatch' or 'PopUp'. These terms are recognized in the dictionary and should be cased as 'Stopwatch' and 'Popup'.</Description>
   <Resolution Name="MemberParameterShouldBeCompoundWord">In member {0}, the discrete term '{1}' in parameter name {2} should be expressed as a compound word, '{3}'.</Resolution>
   <Owner />
   <Url>/Naming/CompoundWordsShouldBeCasedCorrectly.html</Url>
   <Email>[none]</Email>
   <MessageLevel Certainty="80">Error</MessageLevel>
   <File Name="NamingRules.dll" Version="1.36.0.0" />
  </Rule>
  <Rule TypeName="DeclareTypesInNamespaces" Category="Microsoft.Design" CheckId="CA1050">
   <Name>Declare types in namespaces</Name>
   <Description>A type should be defined inside a namespace to avoid duplication.</Description>
   <Resolution Name="Default">{0} should be declared inside a namespace.</Resolution>
   <Owner />
   <Url>/Design/DeclareTypesInNamespaces.html</Url>
   <Email>[none]</Email>
   <MessageLevel Certainty="95">Error</MessageLevel>
   <File Name="DesignRules.dll" Version="1.36.0.0" />
  </Rule>
  <Rule TypeName="DoNotInitializeUnnecessarily" Category="Microsoft.Performance" CheckId="CA1805">
   <Name>Do not initialize unnecessarily</Name>
   <Description>Do not make initializations that have already been done by the runtime.</Description>
   <Resolution Name="Default">{0} initializes field {1} of type {2} to {3}. Remove this initialization as it will be done automatically by the runtime.</Resolution>
   <Owner />
   <Url>/Performance/DoNotInitializeUnnecessarily.html</Url>
   <Email>[none]</Email>
   <MessageLevel Certainty="90">Warning</MessageLevel>
   <File Name="PerformanceRules.dll" Version="1.36.0.0" />
  </Rule>
  <Rule TypeName="IdentifiersShouldBeCasedCorrectly" Category="Microsoft.Naming" CheckId="CA1709">
   <Name>Identifiers should be cased correctly</Name>
   <Description>Type, namespace, and member identifiers are Pascal-cased. Parameter identifiers are camel-cased. Two letter acronyms within these identifiers should be upper-cased, for example, use System.IO instead of System.Io. Acronyms of three or more letters should be Pascal-cased, for example, use System.Xml instead of System.XML. The pascal-casing convention capitalizes the first letter of each word, as in BackColor. The camel-casing convention formats the first letter of the first word in lowercase and capitalizes the first letter of all subsequent words, as in backgroundColor. Although it may be common practice for some two letter acronyms to not be fully capitalized, violations of this rule should not be excluded for this reason. For example, 'DbConnection', is common but incorrect; use DBConnection. A violation of this rule might be required for compatibility with existing, non-managed symbol schemes. In general, however, these symbols should not be visible outside the assembly that uses them.</Description>
   <Resolution Name="Type">Correct the casing of '{0}' in type name {1} by changing it to '{2}'.</Resolution>
   <Owner />
   <Url>/Naming/IdentifiersShouldBeCasedCorrectly.html</Url>
   <Email>[none]</Email>
   <MessageLevel Certainty="85">Error</MessageLevel>
   <File Name="NamingRules.dll" Version="1.36.0.0" />
  </Rule>
  <Rule TypeName="IdentifiersShouldBeSpelledCorrectly" Category="Microsoft.Naming" CheckId="CA1704">
   <Name>Identifiers should be spelled correctly</Name>
   <Description>The individual words that make up an identifier should not be abbreviated and should be spelled correctly. If this rule generates a false positive on a term that should be recognized, add the word to the FxCop custom dictionary.</Description>
   <Resolution Name="Member">Correct the spelling of '{0}' in member name {1} or strip it entirely if it represents any sort of Hungarian notation.</Resolution>
   <Resolution Name="Type">Correct the spelling of '{0}' in type name {1}.</Resolution>
   <Owner />
   <Url>/Naming/IdentifiersShouldBeSpelledCorrectly.html</Url>
   <Email>[none]</Email>
   <MessageLevel Certainty="75">CriticalWarning</MessageLevel>
   <File Name="NamingRules.dll" Version="1.36.0.0" />
  </Rule>
  <Rule TypeName="SpecifyIFormatProvider" Category="Microsoft.Globalization" CheckId="CA1305">
   <Name>Specify IFormatProvider</Name>
   <Description>If an overload exists that takes an IFormatProvider argument, it should always be called in favor of an overload that does not. Some methods in the runtime convert a value to or from a string representation and take a string parameter that contains one or more characters, called format specifiers, which indicate how the value is to be converted. If the meaning of the format specifier varies by culture, a formatting object supplies the actual characters used in the string representation. In scenarios where sorting and comparison behavior should never change between cultures, specify CultureInfo.InvariantCulture.</Description>
   <Resolution Name="Default">{0} makes a call to {1} that does not explicitly provide an IFormatProvider. This should be replaced with a call to {2}.</Resolution>
   <Owner />
   <Url>/Globalization/SpecifyIFormatProvider.html</Url>
   <Email>[none]</Email>
   <MessageLevel Certainty="95">Error</MessageLevel>
   <File Name="GlobalizationRules.dll" Version="1.36.0.0" />
  </Rule>
  <Rule TypeName="TestForEmptyStringsUsingStringLength" Category="Microsoft.Performance" CheckId="CA1820">
   <Name>Test for empty strings using string length</Name>
   <Description>To test for empty strings, check if String.Length is equal to zero. Constructs such as "".Equals(someString) and String.Empty.Equals(someString) are less efficient than testing the string length. Replace these with checks for someString.Length == 0.</Description>
   <Resolution Name="IsNullOrEmpty">Replace the call to String.{0} in {1} with a call to String.IsNullOrEmpty.</Resolution>
   <Owner />
   <Url>/Performance/TestForEmptyStringsUsingStringLength.html</Url>
   <Email>[none]</Email>
   <MessageLevel Certainty="95">Warning</MessageLevel>
   <File Name="PerformanceRules.dll" Version="1.36.0.0" />
  </Rule>
  <Rule TypeName="UsePreferredTerms" Category="Microsoft.Naming" CheckId="CA1726">
   <Name>Use preferred terms</Name>
   <Description>Use preferred terms over deprecated alternates.</Description>
   <Resolution Name="Member">Replace the term '{0}' in member name {1} with the preferred alternate '{2}'.</Resolution>
   <Resolution Name="Type">Replace the term '{0}' in type name {1} with the preferred alternate '{2}'.</Resolution>
   <Owner />
   <Url>/Naming/UsePreferredTerms.html</Url>
   <Email>[none]</Email>
   <MessageLevel Certainty="95">Error</MessageLevel>
   <File Name="NamingRules.dll" Version="1.36.0.0" />
  </Rule>
 </Rules>
 <Localized>
  <String Key="Category">Category</String>
  <String Key="Certainty">Certainty</String>
  <String Key="CollapseAll">Collapse All</String>
  <String Key="CheckId">Check Id</String>
  <String Key="Error">Error</String>
  <String Key="Errors">error(s)</String>
  <String Key="ExpandAll">Expand All</String>
  <String Key="Line">Line</String>
  <String Key="Messages">message(s)</String>
  <String Key="LocationNotStoredInPdb">[Location not stored in Pdb]</String>
  <String Key="Project">Project</String>
  <String Key="Resolution">Resolution</String>
  <String Key="Rule">Rule</String>
  <String Key="RuleFile">Rule File</String>
  <String Key="RuleDescription">Rule Description</String>
  <String Key="Source">Source</String>
  <String Key="Status">Status</String>
  <String Key="Target">Target</String>
  <String Key="Warning">Warning</String>
  <String Key="Warnings">warning(s)</String>
  <String Key="ReportTitle">Code Analysis Report</String>
 </Localized>
</FxCopReport>
