<?xml version="1.0" encoding="UTF-8" standalone="yes"?>
<?mso-application progid="Word.Document"?>
<w:wordDocument xmlns:w="http://schemas.microsoft.com/office/word/2003/wordml" xmlns:v="urn:schemas-microsoft-com:vml" xmlns:w10="urn:schemas-microsoft-com:office:word" xmlns:sl="http://schemas.microsoft.com/schemaLibrary/2003/core" xmlns:aml="http://schemas.microsoft.com/aml/2001/core" xmlns:wx="http://schemas.microsoft.com/office/word/2003/auxHint" xmlns:o="urn:schemas-microsoft-com:office:office" xmlns:dt="uuid:C2F41010-65B3-11d1-A29F-00AA00C14882" xmlns:ns0="uri:AspNetPro20/Chapter16/Demo1" w:macrosPresent="no" w:embeddedObjPresent="no" w:ocxPresent="no" xml:space="preserve"><o:DocumentProperties><o:Title>This document will automatically be generated:</o:Title><o:Author>VB.NET Trainings</o:Author><o:LastAuthor>Mario Szpuszta</o:LastAuthor><o:Revision>9</o:Revision><o:TotalTime>0</o:TotalTime><o:Created>2005-03-27T10:56:00Z</o:Created><o:LastSaved>2005-07-12T22:29:00Z</o:LastSaved><o:Pages>1</o:Pages><o:Words>24</o:Words><o:Characters>156</o:Characters><o:Company>Microsoft Corporation</o:Company><o:Lines>1</o:Lines><o:Paragraphs>1</o:Paragraphs><o:CharactersWithSpaces>179</o:CharactersWithSpaces><o:Version>11.6502</o:Version></o:DocumentProperties><w:fonts><w:defaultFonts w:ascii="Times New Roman" w:fareast="Times New Roman" w:h-ansi="Times New Roman" w:cs="Times New Roman"/><w:font w:name="Verdana"><w:panose-1 w:val="020B0604030504040204"/><w:charset w:val="00"/><w:family w:val="Swiss"/><w:pitch w:val="variable"/><w:sig w:usb-0="20000287" w:usb-1="00000000" w:usb-2="00000000" w:usb-3="00000000" w:csb-0="0000019F" w:csb-1="00000000"/></w:font></w:fonts><w:styles><w:versionOfBuiltInStylenames w:val="4"/><w:latentStyles w:defLockedState="off" w:latentStyleCount="156"/><w:style w:type="paragraph" w:default="on" w:styleId="Normal"><w:name w:val="Normal"/><w:rsid w:val="006D1A36"/><w:rPr><wx:font wx:val="Times New Roman"/><w:sz w:val="24"/><w:sz-cs w:val="24"/><w:lang w:val="DE-AT" w:fareast="DE-AT" w:bidi="AR-SA"/></w:rPr></w:style><w:style w:type="character" w:default="on" w:styleId="DefaultParagraphFont"><w:name w:val="Default Paragraph Font"/><w:semiHidden/></w:style><w:style w:type="table" w:default="on" w:styleId="TableNormal"><w:name w:val="Normal Table"/><wx:uiName wx:val="Table Normal"/><w:semiHidden/><w:rPr><wx:font wx:val="Times New Roman"/></w:rPr><w:tblPr><w:tblInd w:w="0" w:type="dxa"/><w:tblCellMar><w:top w:w="0" w:type="dxa"/><w:left w:w="108" w:type="dxa"/><w:bottom w:w="0" w:type="dxa"/><w:right w:w="108" w:type="dxa"/></w:tblCellMar></w:tblPr></w:style><w:style w:type="list" w:default="on" w:styleId="NoList"><w:name w:val="No List"/><w:semiHidden/></w:style><w:style w:type="table" w:styleId="TableGrid"><w:name w:val="Table Grid"/><w:basedOn w:val="TableNormal"/><w:rsid w:val="006D1A36"/><w:rPr><wx:font wx:val="Times New Roman"/></w:rPr><w:tblPr><w:tblInd w:w="0" w:type="dxa"/><w:tblBorders><w:top w:val="single" w:sz="4" wx:bdrwidth="10" w:space="0" w:color="auto"/><w:left w:val="single" w:sz="4" wx:bdrwidth="10" w:space="0" w:color="auto"/><w:bottom w:val="single" w:sz="4" wx:bdrwidth="10" w:space="0" w:color="auto"/><w:right w:val="single" w:sz="4" wx:bdrwidth="10" w:space="0" w:color="auto"/><w:insideH w:val="single" w:sz="4" wx:bdrwidth="10" w:space="0" w:color="auto"/><w:insideV w:val="single" w:sz="4" wx:bdrwidth="10" w:space="0" w:color="auto"/></w:tblBorders><w:tblCellMar><w:top w:w="0" w:type="dxa"/><w:left w:w="108" w:type="dxa"/><w:bottom w:w="0" w:type="dxa"/><w:right w:w="108" w:type="dxa"/></w:tblCellMar></w:tblPr></w:style><w:style w:type="table" w:styleId="TableContemporary"><w:name w:val="Table Contemporary"/><w:basedOn w:val="TableNormal"/><w:rsid w:val="006D1A36"/><w:rPr><wx:font wx:val="Times New Roman"/></w:rPr><w:tblPr><w:tblStyleRowBandSize w:val="1"/><w:tblInd w:w="0" w:type="dxa"/><w:tblBorders><w:insideH w:val="single" w:sz="18" wx:bdrwidth="45" w:space="0" w:color="FFFFFF"/><w:insideV w:val="single" w:sz="18" wx:bdrwidth="45" w:space="0" w:color="FFFFFF"/></w:tblBorders><w:tblCellMar><w:top w:w="0" w:type="dxa"/><w:left w:w="108" w:type="dxa"/><w:bottom w:w="0" w:type="dxa"/><w:right w:w="108" w:type="dxa"/></w:tblCellMar></w:tblPr><w:tblStylePr w:type="firstRow"><w:rPr><w:b/><w:b-cs/><w:color w:val="auto"/></w:rPr><w:tblPr/><w:tcPr><w:tcBorders><w:tl2br w:val="none" w:sz="0" wx:bdrwidth="0" w:space="0" w:color="auto"/><w:tr2bl w:val="none" w:sz="0" wx:bdrwidth="0" w:space="0" w:color="auto"/></w:tcBorders><w:shd w:val="pct-20" w:color="000000" w:fill="FFFFFF" wx:bgcolor="CCCCCC"/></w:tcPr></w:tblStylePr><w:tblStylePr w:type="band1Horz"><w:rPr><w:color w:val="auto"/></w:rPr><w:tblPr/><w:tcPr><w:tcBorders><w:tl2br w:val="none" w:sz="0" wx:bdrwidth="0" w:space="0" w:color="auto"/><w:tr2bl w:val="none" w:sz="0" wx:bdrwidth="0" w:space="0" w:color="auto"/></w:tcBorders><w:shd w:val="pct-5" w:color="000000" w:fill="FFFFFF" wx:bgcolor="F2F2F2"/></w:tcPr></w:tblStylePr><w:tblStylePr w:type="band2Horz"><w:rPr><w:color w:val="auto"/></w:rPr><w:tblPr/><w:tcPr><w:tcBorders><w:tl2br w:val="none" w:sz="0" wx:bdrwidth="0" w:space="0" w:color="auto"/><w:tr2bl w:val="none" w:sz="0" wx:bdrwidth="0" w:space="0" w:color="auto"/></w:tcBorders><w:shd w:val="pct-20" w:color="000000" w:fill="FFFFFF" wx:bgcolor="CCCCCC"/></w:tcPr></w:tblStylePr></w:style></w:styles><w:docPr><w:view w:val="print"/><w:zoom w:percent="100"/><w:doNotEmbedSystemFonts/><w:attachedTemplate w:val=""/><w:defaultTabStop w:val="708"/><w:hyphenationZone w:val="425"/><w:punctuationKerning/><w:characterSpacingControl w:val="DontCompress"/><w:optimizeForBrowser/><w:validateAgainstSchema/><w:saveInvalidXML w:val="off"/><w:ignoreMixedContent w:val="off"/><w:alwaysShowPlaceholderText w:val="off"/><w:compat><w:breakWrappedTables/><w:snapToGridInCell/><w:wrapTextWithPunct/><w:useAsianBreakRules/><w:dontGrowAutofit/></w:compat></w:docPr><w:body><wx:sect><ns0:MyPersonType><w:p><w:pPr><w:jc w:val="center"/><w:rPr><w:rFonts w:ascii="Verdana" w:h-ansi="Verdana"/><wx:font wx:val="Verdana"/><w:b/><w:sz w:val="36"/><w:sz-cs w:val="36"/><w:lang w:val="EN-GB"/></w:rPr></w:pPr><w:r><w:rPr><w:rFonts w:ascii="Verdana" w:h-ansi="Verdana"/><wx:font wx:val="Verdana"/><w:b/><w:sz w:val="36"/><w:sz-cs w:val="36"/><w:lang w:val="EN-GB"/></w:rPr><w:t>This document will be</w:t></w:r><w:r><w:rPr><w:rFonts w:ascii="Verdana" w:h-ansi="Verdana"/><wx:font wx:val="Verdana"/><w:b/><w:sz w:val="36"/><w:sz-cs w:val="36"/><w:lang w:val="EN-GB"/></w:rPr><w:br/><w:t>generated automatically</w:t></w:r></w:p><w:p><w:pPr><w:rPr><w:rFonts w:ascii="Verdana" w:h-ansi="Verdana"/><wx:font wx:val="Verdana"/><w:lang w:val="EN-GB"/></w:rPr></w:pPr></w:p><w:tbl><w:tblPr><w:tblStyle w:val="TableContemporary"/><w:tblW w:w="0" w:type="auto"/><w:tblLook w:val="01E0"/></w:tblPr><w:tblGrid><w:gridCol w:w="4606"/><w:gridCol w:w="4606"/></w:tblGrid><w:tr><w:trPr><w:cnfStyle w:val="100000000000"/></w:trPr><w:tc><w:tcPr><w:tcW w:w="4606" w:type="dxa"/></w:tcPr><w:p><w:pPr><w:rPr><w:rFonts w:ascii="Verdana" w:h-ansi="Verdana"/><wx:font wx:val="Verdana"/><w:lang w:val="EN-GB"/></w:rPr></w:pPr><w:r><w:rPr><w:rFonts w:ascii="Verdana" w:h-ansi="Verdana"/><wx:font wx:val="Verdana"/><w:lang w:val="EN-GB"/></w:rPr><w:t>First Name of the person:</w:t></w:r></w:p></w:tc><ns0:Firstname><w:tc><w:tcPr><w:tcW w:w="4606" w:type="dxa"/></w:tcPr><w:p><w:pPr><w:rPr><w:rFonts w:ascii="Verdana" w:h-ansi="Verdana"/><wx:font wx:val="Verdana"/><w:lang w:val="EN-GB"/></w:rPr></w:pPr></w:p></w:tc></ns0:Firstname></w:tr><w:tr><w:trPr><w:cnfStyle w:val="000000100000"/></w:trPr><w:tc><w:tcPr><w:tcW w:w="4606" w:type="dxa"/></w:tcPr><w:p><w:pPr><w:rPr><w:rFonts w:ascii="Verdana" w:h-ansi="Verdana"/><wx:font wx:val="Verdana"/><w:lang w:val="EN-GB"/></w:rPr></w:pPr><w:r><w:rPr><w:rFonts w:ascii="Verdana" w:h-ansi="Verdana"/><wx:font wx:val="Verdana"/><w:lang w:val="EN-GB"/></w:rPr><w:t>Last Name of the person:</w:t></w:r></w:p></w:tc><ns0:Lastname><w:tc><w:tcPr><w:tcW w:w="4606" w:type="dxa"/></w:tcPr><w:p><w:pPr><w:rPr><w:rFonts w:ascii="Verdana" w:h-ansi="Verdana"/><wx:font wx:val="Verdana"/><w:lang w:val="EN-GB"/></w:rPr></w:pPr></w:p></w:tc></ns0:Lastname></w:tr><w:tr><w:trPr><w:cnfStyle w:val="000000010000"/></w:trPr><w:tc><w:tcPr><w:tcW w:w="4606" w:type="dxa"/></w:tcPr><w:p><w:pPr><w:rPr><w:rFonts w:ascii="Verdana" w:h-ansi="Verdana"/><wx:font wx:val="Verdana"/><w:lang w:val="EN-GB"/></w:rPr></w:pPr><w:r><w:rPr><w:rFonts w:ascii="Verdana" w:h-ansi="Verdana"/><wx:font wx:val="Verdana"/><w:lang w:val="EN-GB"/></w:rPr><w:t>Age of the person:</w:t></w:r></w:p></w:tc><w:tc><w:tcPr><w:tcW w:w="4606" w:type="dxa"/></w:tcPr><ns0:Age><w:p><w:pPr><w:rPr><w:rFonts w:ascii="Verdana" w:h-ansi="Verdana"/><wx:font wx:val="Verdana"/><w:lang w:val="EN-GB"/></w:rPr></w:pPr><w:r><w:rPr><w:rFonts w:ascii="Verdana" w:h-ansi="Verdana"/><wx:font wx:val="Verdana"/><w:lang w:val="EN-GB"/></w:rPr><w:t>0</w:t></w:r></w:p></ns0:Age></w:tc></w:tr></w:tbl><w:p><w:pPr><w:rPr><w:rFonts w:ascii="Verdana" w:h-ansi="Verdana"/><wx:font wx:val="Verdana"/><w:lang w:val="EN-GB"/></w:rPr></w:pPr></w:p><w:p><w:pPr><w:jc w:val="center"/><w:rPr><w:rFonts w:ascii="Verdana" w:h-ansi="Verdana"/><wx:font wx:val="Verdana"/><w:lang w:val="EN-GB"/></w:rPr></w:pPr><w:r><w:rPr><w:rFonts w:ascii="Verdana" w:h-ansi="Verdana"/><wx:font wx:val="Verdana"/><w:lang w:val="EN-GB"/></w:rPr><w:t>Thank you for testing the document generation.</w:t></w:r></w:p></ns0:MyPersonType><w:sectPr><w:pgSz w:w="11906" w:h="16838"/><w:pgMar w:top="1417" w:right="1417" w:bottom="1134" w:left="1417" w:header="708" w:footer="708" w:gutter="0"/><w:cols w:space="708"/><w:docGrid w:line-pitch="360"/></w:sectPr></wx:sect></w:body></w:wordDocument>